timestamp,level,message
2025-08-11 18:04:59,CRITICAL,Fetched weather for London
2025-08-11 18:05:07,CRITICAL,Fetched weather for Labelle
2025-08-11 18:05:45,INFO,Fetched weather for La Montura
2025-08-11 18:14:11,INFO,Fetched weather for London
2025-08-11 18:14:44,CRITICAL,Fetched weather for La Montura
2025-08-11 18:58:17,INFO,Fetched weather for Cleveland
2025-08-11 18:58:17,INFO,Weather data saved to Cleveland.json
2025-08-11 19:42:53,CRITICAL,Fetched weather for Miami
2025-08-13 18:04:59,CRITICAL,Fetched weather for London
2025-08-13 18:05:07,CRITICAL,Fetched weather for Labelle
2025-08-13 18:05:45,INFO,Fetched weather for La Montura
2025-08-13 18:14:11,INFO,Fetched weather for London
2025-08-13 18:14:44,CRITICAL,Fetched weather for La Montura
2025-08-13 18:58:17,INFO,Fetched weather for Cleveland
2025-08-13 18:58:17,INFO,Weather data saved to Cleveland.json
2025-08-13 19:42:53,CRITICAL,Fetched weather for Miami
2025-08-15 18:04:59,CRITICAL,Fetched weather for London
2025-08-15 18:05:07,CRITICAL,Fetched weather for Labelle
2025-08-15 18:05:45,INFO,Fetched weather for La Montura
2025-08-15 18:14:11,INFO,Fetched weather for London
2025-08-15 18:14:44,CRITICAL,Fetched weather for La Montura
2025-08-15 18:58:17,INFO,Fetched weather for Cleveland
2025-08-15 18:58:17,INFO,Weather data saved to Cleveland.json
2025-08-15 19:42:53,CRITICAL,Fetched weather for Miami


